level	page_num	block_num	par_num	line_num	word_num	left	top	width	height	conf	text
1	1	0	0	0	0	0	0	2550	3300	-1	
2	1	1	0	0	0	83	330	2383	448	-1	
3	1	1	1	0	0	138	330	80	86	-1	
4	1	1	1	1	0	138	330	80	86	-1	
5	1	1	1	1	1	138	330	80	86	60.501350	®
3	1	1	2	0	0	83	434	2383	357	-1	
4	1	1	2	1	0	146	434	2203	105	-1	
5	1	1	2	1	1	146	434	27	105	32.306076	r
5	1	1	2	1	2	207	434	44	105	10.132027	>}
5	1	1	2	1	3	459	522	3	11	60.071762	|
5	1	1	2	1	4	1866	491	483	16	0.000000	EE.
4	1	1	2	2	0	88	558	2378	53	-1	
5	1	1	2	2	1	88	558	9	38	13.533020	:
5	1	1	2	2	2	934	568	8	6	58.751076	$
5	1	1	2	2	3	2169	575	297	36	6.025803	aS
4	1	1	2	3	0	83	595	1771	183	-1	
5	1	1	2	3	1	87	666	380	125	8.530190	|
5	1	1	2	3	2	962	684	892	118	4.468613	aa
2	1	2	0	0	0	87	708	2380	307	-1	
3	1	2	1	0	0	87	708	2380	307	-1	
4	1	2	1	1	0	87	708	2380	307	-1	
5	1	2	1	1	1	87	798	105	104	66.496582	ry
5	1	2	1	1	2	230	803	449	187	18.799675	Pens
5	1	2	1	1	3	685	802	476	172	44.209702	formed)
5	1	2	1	1	4	1149	815	243	140	76.666519	Also,
5	1	2	1	1	5	1408	708	536	251	27.092674	ae
5	1	2	1	1	6	1863	752	241	168	26.037514	st
5	1	2	1	1	7	2075	753	372	262	6.712982	EL
2	1	3	0	0	0	82	1002	2381	271	-1	
3	1	3	1	0	0	82	1002	2383	271	-1	
4	1	3	1	1	0	82	1002	2381	179	-1	
5	1	3	1	1	1	82	1049	230	83	31.525085	Car!
5	1	3	1	1	2	293	1016	142	110	57.140991	be
5	1	3	1	1	3	486	1014	42	117	0.000000	:
5	1	3	1	1	4	485	1018	267	115	53.227455	easly
5	1	3	1	1	5	788	1023	36	107	2.123947	—
5	1	3	1	1	6	831	1024	323	132	45.501045	shone
5	1	3	1	1	7	1029	1018	108	117	43.204994	n>
5	1	3	1	1	8	1194	1022	127	109	62.989964	fo
5	1	3	1	1	9	1329	1019	362	114	2.821289	emply-
5	1	3	1	1	10	1704	1016	240	109	36.512623	“Feat
5	1	3	1	1	11	1988	1002	121	125	37.867352	Z|
5	1	3	1	1	12	2103	1014	171	103	71.434937	yer
5	1	3	1	1	13	2254	1007	209	174	30.372437	ase
4	1	3	1	2	0	100	1122	2130	151	-1	
5	1	3	1	2	1	100	1153	419	115	18.754112	PRX)
5	1	3	1	2	2	551	1178	194	88	29.746696	sane
5	1	3	1	2	3	799	1172	92	84	77.474907	2,
5	1	3	1	2	4	865	1122	288	151	61.214176	Ky):
5	1	3	1	2	5	1161	1157	177	79	0.000000	dre
5	1	3	1	2	6	1369	1160	156	80	0.000000	dhe
5	1	3	1	2	7	1563	1170	205	77	69.127945	same
5	1	3	1	2	8	1796	1156	434	105	15.131058	prediik
2	1	4	0	0	0	91	1210	2373	329	-1	
3	1	4	1	0	0	91	1210	2373	329	-1	
4	1	4	1	1	0	91	1210	2373	329	-1	
5	1	4	1	1	1	91	1335	194	111	32.898087	(146
5	1	4	1	1	2	335	1318	383	221	0.000000	tino
5	1	4	1	1	3	809	1324	221	118	0.000000	fecls
5	1	4	1	1	4	1067	1326	259	112	0.000000	aznill
5	1	4	1	1	5	1436	1325	99	210	57.569370	be
5	1	4	1	1	6	1620	1322	295	211	17.296097	est
5	1	4	1	1	7	1955	1210	509	316	23.097794	oe
2	1	5	0	0	0	240	491	505	20	-1	
3	1	5	1	0	0	240	491	505	20	-1	
4	1	5	1	1	0	240	491	505	20	-1	
5	1	5	1	1	1	240	491	505	20	95.000000	 
2	1	6	0	0	0	747	500	1111	17	-1	
3	1	6	1	0	0	747	500	1111	17	-1	
4	1	6	1	1	0	747	500	1111	17	-1	
5	1	6	1	1	1	747	495	143	28	16.101234	ce
5	1	6	1	1	2	941	495	57	28	29.639336	ee
5	1	6	1	1	3	1009	495	89	28	25.616455	re
5	1	6	1	1	4	1331	506	185	11	16.420242	a
5	1	6	1	1	5	1628	501	230	11	31.507065	me
2	1	7	0	0	0	1198	611	309	8	-1	
3	1	7	1	0	0	1198	611	309	8	-1	
4	1	7	1	1	0	1198	611	309	8	-1	
5	1	7	1	1	1	1198	611	309	8	95.000000	 
2	1	8	0	0	0	1860	698	607	18	-1	
3	1	8	1	0	0	1860	698	607	18	-1	
4	1	8	1	1	0	1860	698	607	18	-1	
5	1	8	1	1	1	1860	698	607	18	95.000000	      
2	1	9	0	0	0	921	712	303	13	-1	
3	1	9	1	0	0	921	712	303	13	-1	
4	1	9	1	1	0	921	712	303	13	-1	
5	1	9	1	1	1	921	712	303	13	95.000000	 
2	1	10	0	0	0	248	1529	2208	320	-1	
3	1	10	1	0	0	248	1529	2213	320	-1	
4	1	10	1	1	0	248	1529	2208	320	-1	
5	1	10	1	1	1	248	1739	133	12	21.820595	ae
5	1	10	1	1	2	401	1632	371	217	18.067253	oe
5	1	10	1	1	3	675	1634	343	211	8.112808	ES.
5	1	10	1	1	4	981	1540	365	225	32.997597	re
5	1	10	1	1	5	1423	1629	247	113	21.830360	Ee
5	1	10	1	1	6	1670	1628	65	109	12.902115	2
5	1	10	1	1	7	1797	1529	659	308	0.000000	aloes
2	1	11	0	0	0	1331	1833	318	11	-1	
3	1	11	1	0	0	1331	1833	318	11	-1	
4	1	11	1	1	0	1331	1833	318	11	-1	
5	1	11	1	1	1	1331	1833	318	11	95.000000	 
2	1	12	0	0	0	1062	1834	228	13	-1	
3	1	12	1	0	0	1062	1834	228	13	-1	
4	1	12	1	1	0	1062	1834	228	13	-1	
5	1	12	1	1	1	1062	1834	228	13	95.000000	 
2	1	13	0	0	0	93	1833	2368	365	-1	
3	1	13	1	0	0	93	1833	2368	365	-1	
4	1	13	1	1	0	418	1833	2043	245	-1	
5	1	13	1	1	1	418	1844	151	224	91.561844	De
5	1	13	1	1	2	576	1841	227	196	31.596184	=
5	1	13	1	1	3	817	1943	8	6	64.567230	|
5	1	13	1	1	4	835	1833	884	245	0.000000	CRORE
5	1	13	1	1	5	1727	1834	239	210	35.759430	—
5	1	13	1	1	6	1981	1933	274	98	27.025436	Peace
5	1	13	1	1	7	2268	1931	193	111	28.754921	|
4	1	13	1	2	0	93	2079	2368	119	-1	
5	1	13	1	2	1	93	2079	1474	119	0.000000	—5or-a'ssoCisted
5	1	13	1	2	2	804	2070	187	132	22.523201	wido
5	1	13	1	2	3	1024	2070	154	132	38.287159	490
5	1	13	1	2	4	1211	2070	154	132	0.000000	-€:0
5	1	13	1	2	5	1387	2070	176	132	33.283394	key)
5	1	13	1	2	6	1596	2070	341	132	36.473331	petsicate
5	1	13	1	2	7	1992	2070	264	132	51.962769	During
5	1	13	1	2	8	2300	2070	161	132	44.868656	——
2	1	14	0	0	0	461	2234	1999	184	-1	
3	1	14	1	0	0	461	2234	2002	184	-1	
4	1	14	1	1	0	461	2234	1999	184	-1	
5	1	14	1	1	1	461	2234	456	184	23.968987	[di
5	1	14	1	1	2	920	2236	332	117	0.000000	Sect,
5	1	14	1	1	3	1339	2236	147	117	37.996208	fle
5	1	14	1	1	4	1553	2236	108	117	70.855682	sy,
5	1	14	1	1	5	1557	2235	360	151	16.159775	Ryobi)
5	1	14	1	1	6	2169	2239	291	117	17.562019	ee
2	1	15	0	0	0	74	2160	2402	1140	-1	
3	1	15	1	0	0	74	2160	2402	1140	-1	
4	1	15	1	1	0	74	2160	2402	972	-1	
5	1	15	1	1	1	74	2160	2402	972	95.000000	    
5	1	15	1	1	2	1904	2248	572	206	95.000000	 
4	1	15	1	2	0	74	3132	2402	168	-1	
5	1	15	1	2	1	74	3132	2402	168	95.000000	   
2	1	16	0	0	0	1223	3140	22	16	-1	
3	1	16	1	0	0	1223	3140	22	16	-1	
4	1	16	1	1	0	1223	3140	22	16	-1	
5	1	16	1	1	1	1223	3140	22	16	85.290413	™
